epoch,compare_busy_pct,bench_busy_pct,bench_mhz,load1
1790664965,1.9,5.2,5608,4.58
1790664970,1.8,4.9,5530,4.37
1790664975,86.2,87.2,4974,6.58
1790664980,69.2,73.9,4973,9.74
1790664985,14.3,23.5,4580,9.36
1790664990,3.1,14.9,5522,8.85
1790664995,2.5,11.0,5234,8.62
1790665000,3.2,10.6,5581,8.09
1790665005,3.2,8.3,5545,7.68
1790665010,2.6,9.0,4213,7.23
1790665015,2.5,9.0,5234,6.97
1790665020,2.5,8.7,5585,6.57
1790665025,2.7,9.0,4609,6.04
1790665030,2.6,8.8,5609,5.72
1790665035,2.5,9.2,5592,5.42
1790665040,2.5,9.2,4952,5.15
1790665045,2.3,9.1,5256,4.98
1790665050,2.6,9.4,4287,4.74
1790665055,2.8,9.1,4918,4.60
1790665060,2.6,8.9,5224,4.39
1790665065,2.4,9.1,5588,4.20
1790665070,2.5,8.9,4608,4.02
1790665075,2.7,8.5,5581,3.86
1790665080,2.3,8.9,5601,3.71
1790665085,2.1,6.6,5649,3.73
1790665090,2.2,6.4,5620,3.51
1790665095,2.0,4.9,5631,3.39
1790665100,29.9,32.9,5236,6.00
1790665105,9.2,17.8,5530,6.89
1790665110,3.2,8.7,4228,6.49
1790665115,3.1,8.4,5392,6.13
1790665120,3.0,8.8,5604,5.80
1790665125,3.2,8.7,5455,5.50
1790665130,3.0,8.7,5494,5.22
1790665135,3.1,8.5,5619,4.96
1790665140,2.7,9.0,5165,5.04
1790665145,3.3,8.2,5528,4.80
1790665150,2.7,9.1,5605,4.73
1790665155,3.4,8.4,5484,4.52
1790665160,3.3,8.9,5210,4.31
1790665165,2.3,20.2,5503,4.77
1790665170,2.2,27.6,5474,5.19
1790665175,2.1,23.7,5437,6.78
1790665180,2.1,27.6,5453,7.19
1790665185,2.1,24.5,5553,8.70
1790665190,2.1,26.3,5465,8.96
1790665195,2.0,27.0,5467,8.73
1790665200,2.2,18.8,5554,8.19
1790665205,1.9,19.7,5546,8.73
1790665210,3.4,11.1,5570,8.35
1790665215,5.0,6.7,5588,8.01
1790665220,4.8,7.0,5589,7.52
1790665225,4.4,7.4,5595,7.08
1790665230,5.4,7.3,5573,6.75
1790665235,4.7,7.4,5177,7.17
1790665240,4.9,7.0,5595,6.68
1790665245,4.9,6.9,5602,6.39
1790665250,4.4,7.3,5272,6.11
1790665255,4.8,6.7,5589,5.70
1790665260,4.7,6.8,5486,5.41
1790665265,2.2,23.2,5449,6.02
1790665270,2.1,27.2,5433,6.66
1790665275,2.0,23.5,5385,6.20
1790665280,2.1,28.1,5417,7.23
1790665285,2.1,23.0,5488,7.53
1790665290,2.7,27.7,5433,7.89
1790665295,2.1,26.6,5548,7.90
1790665300,2.0,18.3,5405,8.07
1790665305,2.3,20.0,5543,8.30
1790665310,3.5,9.5,5552,7.72
1790665315,4.8,6.8,5584,7.34
1790665320,4.9,6.5,5574,6.91
1790665325,4.3,7.3,5587,6.44
1790665330,4.9,6.6,5596,6.16
1790665335,4.4,7.7,5602,5.83
1790665340,5.1,6.8,5597,5.68
1790665345,4.9,6.8,5587,5.39
1790665350,4.7,7.9,5571,4.95
1790665355,5.3,7.2,5620,4.72
1790665360,4.4,7.1,5494,4.58
1790665365,7.1,4.6,5478,4.45
1790665370,24.3,4.5,5274,4.66
1790665375,30.9,5.3,5458,4.77
1790665380,28.4,4.7,5480,6.71
1790665385,20.9,5.0,5414,6.57
1790665390,34.8,4.6,5347,6.68
1790665395,24.7,4.8,5443,7.83
1790665400,29.1,5.4,5346,7.84
1790665405,32.5,4.8,5378,7.78
1790665410,29.7,5.9,5385,7.79
1790665415,21.2,5.6,5339,7.65
1790665420,30.6,5.2,5477,7.68
1790665425,20.6,4.9,5240,7.22
1790665430,30.3,5.9,5442,7.53
1790665435,21.8,10.3,5573,7.08
1790665440,14.4,11.4,5596,7.72
1790665445,16.4,11.0,5400,7.50
1790665450,27.3,10.9,5433,7.30
1790665455,17.5,11.0,5182,6.87
1790665460,25.7,11.5,5373,7.21
1790665465,21.6,10.5,5461,7.51
1790665470,16.4,11.0,4496,7.47
1790665475,21.9,11.4,5357,7.27
1790665480,20.0,11.0,5569,7.01
1790665485,15.0,10.9,5157,7.01
1790665490,17.5,10.9,5440,6.93
1790665495,15.8,19.5,5423,6.93
1790665500,10.6,27.6,5450,6.86
1790665505,16.1,24.1,5318,6.95
1790665510,24.8,28.0,5379,7.43
1790665515,26.5,26.0,5321,9.32
1790665520,27.6,26.4,5375,9.94
1790665525,21.6,27.6,5351,9.78
1790665530,23.6,20.6,5472,10.04
1790665535,20.0,18.3,5344,11.32
1790665540,22.3,14.8,5379,12.33
1790665545,20.9,9.6,5420,11.83
1790665550,16.9,9.8,5415,11.28
1790665555,19.4,9.2,5419,11.34
1790665560,15.8,8.5,5509,11.15
1790665565,18.3,9.3,5441,10.66
1790665570,24.4,7.8,5458,10.44
1790665575,18.2,11.7,5365,9.85
1790665580,21.1,14.1,5355,10.10
1790665585,19.6,9.5,5472,10.73
1790665590,15.5,9.6,5365,10.91
1790665595,25.9,11.3,5427,10.92
1790665600,30.7,24.2,5333,11.97
1790665605,20.8,27.8,5433,11.57
1790665610,18.5,24.1,5347,10.72
1790665615,24.5,28.1,5403,12.27
1790665620,18.2,23.8,5355,14.25
1790665625,27.6,28.2,5345,14.39
1790665630,26.0,26.0,4736,14.12
1790665635,26.3,18.1,5397,13.79
1790665640,25.3,19.5,5412,13.40
1790665645,23.2,12.3,5506,12.57
1790665650,27.1,10.7,5496,12.04
1790665655,28.3,10.7,5307,11.64
1790665660,24.1,11.7,5392,11.03
1790665665,27.2,10.8,5469,11.11
1790665670,28.0,10.2,5253,10.62
1790665675,23.8,10.0,5574,11.13
1790665680,26.3,10.7,5332,11.20
1790665685,26.1,10.0,5531,11.34
1790665690,25.4,10.2,5310,11.40
1790665695,30.5,10.9,5233,11.52
1790665700,27.0,22.1,5420,11.56
1790665705,19.4,27.4,5402,11.84
1790665710,26.1,23.6,5284,12.09
1790665715,26.9,27.5,5264,14.41
1790665720,35.1,24.7,5293,14.21
1790665725,24.4,26.0,5408,14.12
1790665730,24.3,26.7,5409,14.91
1790665735,26.5,16.6,5399,15.00
1790665740,29.8,16.2,5442,14.35
1790665745,31.7,10.3,5305,14.09
1790665750,22.9,9.8,5517,14.40
1790665755,20.8,8.6,5553,13.49
1790665760,25.3,9.7,5251,13.69
1790665765,29.6,10.2,5179,12.99
1790665770,34.1,10.6,5304,12.59
1790665775,23.1,9.7,5331,12.14
1790665780,22.6,10.4,5360,11.33
1790665785,26.7,10.8,5552,11.06
1790665790,29.6,11.1,5313,10.66
1790665795,34.1,10.6,5357,10.45
1790665800,26.7,5.2,5506,9.77
1790665805,24.6,5.8,5407,9.79
1790665810,28.3,7.2,5327,10.68
1790665815,33.4,27.2,5214,11.75
1790665820,29.0,27.9,5352,11.77
1790665825,32.1,24.7,5336,11.71
1790665830,33.0,28.5,5207,13.09
1790665835,30.4,24.6,5405,14.93
1790665840,24.5,28.1,5336,17.66
1790665845,29.3,24.0,5372,16.96
1790665850,38.5,20.2,5359,16.89
1790665855,24.8,19.9,5458,16.01
1790665860,24.1,9.7,5340,15.45
1790665865,21.9,10.1,5433,15.10
1790665870,19.6,9.5,5131,14.45
1790665875,24.6,11.0,5396,16.25
1790665880,35.1,11.0,5405,15.51
1790665885,22.3,9.7,5352,14.43
1790665890,20.2,9.6,5491,13.67
1790665895,29.4,10.8,5335,13.54
1790665900,26.8,5.8,5396,12.78
1790665905,18.2,4.3,4933,11.91
1790665910,32.2,4.7,5333,11.44
1790665915,22.3,4.2,5593,10.76
1790665920,19.5,4.5,5568,10.22
1790665925,24.9,5.7,5411,9.88
1790665930,31.7,8.4,5328,11.01
1790665935,26.7,10.0,5340,10.61
1790665940,22.9,10.3,5439,10.56
1790665945,26.7,22.0,5328,10.68
1790665950,26.5,28.6,5421,14.63
1790665955,21.3,24.6,5259,14.34
1790665960,38.0,28.9,5356,15.35
1790665965,28.1,24.9,5443,17.97
1790665970,21.3,27.2,5428,16.77
1790665975,22.0,27.6,5320,16.31
1790665980,20.8,19.5,5372,15.80
1790665985,17.9,20.5,5341,16.14
1790665990,20.9,12.8,5257,15.00
1790665995,25.1,10.5,5346,14.28
1790666000,19.2,9.7,5187,13.54
1790666005,20.5,10.2,5250,12.69
1790666010,20.2,10.3,5239,13.12
1790666015,19.2,10.1,5358,12.39
1790666020,28.8,11.3,5198,11.72
1790666025,24.7,10.8,5433,11.34
1790666030,21.1,10.8,5568,10.99
1790666035,19.6,10.5,5312,10.43
1790666040,30.7,11.0,5505,10.24
1790666045,23.4,20.6,5415,10.54
1790666050,16.1,28.1,5358,10.42
1790666055,29.9,24.3,5370,12.46
1790666060,26.0,28.1,5341,13.95
1790666065,18.0,25.2,5531,14.75
1790666070,23.6,26.0,5240,14.53
1790666075,23.6,27.3,5393,14.09
1790666080,22.1,18.8,3295,14.24
1790666085,28.8,20.6,5457,14.06
1790666090,26.7,12.0,5460,14.22
1790666095,19.8,10.0,5509,13.96
1790666100,19.1,9.8,5237,13.08
1790666105,37.0,10.1,5434,13.00
1790666110,32.9,10.1,5515,12.60
1790666115,26.6,10.0,5221,12.23
1790666120,24.8,10.4,5557,11.65
1790666125,22.6,10.3,5518,11.12
1790666130,23.1,9.9,5294,10.95
1790666135,34.2,10.4,5410,10.47
1790666140,22.3,10.5,4671,9.87
1790666145,21.7,22.4,5404,10.04
1790666150,30.7,28.0,5430,10.92
1790666155,21.1,23.7,5396,11.89
1790666160,39.8,34.2,5375,13.26
1790666165,40.8,43.8,5307,14.20
1790666170,41.2,42.9,5361,14.74
1790666175,48.1,50.7,5412,15.00
1790666180,36.2,37.2,5322,14.44
1790666185,50.4,43.4,5492,13.93
1790666190,39.6,35.2,5305,16.18
1790666195,46.1,38.6,5283,15.76
1790666200,39.1,35.6,5368,17.14
1790666205,48.8,33.7,5482,18.65
1790666210,37.4,31.1,5353,17.80
1790666215,44.2,35.7,5484,18.94
1790666220,37.7,35.6,5361,18.30
1790666225,54.7,40.4,5166,18.28
1790666230,45.0,36.8,5385,17.45
1790666235,48.9,38.0,5403,18.14
1790666240,44.0,36.8,5475,17.25
1790666245,50.2,37.6,5281,19.23
1790666250,41.9,33.5,5406,18.41
1790666255,54.3,39.8,5360,17.57
1790666260,42.3,37.1,5489,16.81
1790666265,50.1,37.6,5311,18.66
1790666270,45.0,34.5,5319,20.37
1790666275,47.6,40.2,5399,20.42
1790666280,38.4,45.5,5361,22.71
1790666285,48.5,43.8,5302,22.90
1790666290,48.4,52.0,5330,24.27
1790666295,48.7,48.0,5387,25.61
1790666300,44.9,48.8,5392,26.28
1790666305,47.3,50.7,5257,26.02
1790666310,52.5,44.1,5375,24.97
1790666315,47.5,44.4,5537,25.06
1790666320,37.5,38.5,5464,24.57
1790666325,45.1,33.7,5475,24.85
1790666330,40.2,34.4,5491,25.66
1790666335,41.5,37.1,5516,25.29
1790666340,43.1,36.4,5221,25.26
1790666345,49.4,38.7,5424,27.56
1790666350,39.5,33.3,5411,25.92
1790666355,38.1,35.0,5471,24.48
1790666360,43.5,36.3,5377,23.24
1790666365,38.7,36.5,5349,22.26
1790666370,39.6,29.6,5428,23.20
1790666375,34.2,29.4,5417,22.06
1790666380,40.2,34.8,5552,21.18
1790666385,34.0,30.9,5207,20.76
1790666390,48.9,36.6,5522,19.90
1790666395,37.2,32.1,5446,19.11
1790666400,46.3,38.4,5331,18.38
1790666405,34.7,44.1,5461,20.67
1790666410,50.7,51.6,5366,20.46
1790666415,45.3,47.3,5393,22.26
1790666420,42.9,48.8,5433,24.00
1790666425,35.6,47.5,5438,23.52
1790666430,49.4,49.4,5350,23.96
1790666435,40.1,47.0,5389,24.28
1790666440,39.0,39.4,5327,23.46
1790666445,40.9,41.8,5451,22.46
1790666450,34.8,37.0,5537,22.59
1790666455,35.0,34.8,5494,21.90
1790666460,45.9,37.5,5403,21.35
1790666465,48.8,37.5,5489,21.00
1790666470,38.9,36.0,5427,19.64
1790666475,39.3,38.4,5434,18.78
1790666480,39.4,41.6,5464,18.16
1790666485,39.0,32.9,5322,17.91
1790666490,52.6,39.9,5441,17.67
1790666495,37.1,34.7,5521,16.74
1790666500,33.3,32.3,5548,16.12
1790666505,34.9,33.2,5451,15.95
1790666510,41.3,32.4,5344,15.23
1790666515,37.2,32.9,5424,14.49
1790666520,36.3,30.5,5455,14.13
1790666525,35.3,33.0,5526,16.44
1790666530,33.7,34.9,5500,18.81
1790666535,42.4,46.6,5318,19.15
1790666540,42.7,48.6,5441,19.30
1790666545,37.0,45.3,5425,18.79
1790666550,33.8,47.1,5411,20.73
1790666555,35.2,43.8,5376,21.55
1790666560,32.3,44.2,5457,22.31
1790666565,42.6,47.7,5296,23.25
1790666570,46.2,43.1,5452,22.35
1790666575,38.1,40.7,5459,21.20
1790666580,40.1,36.3,5491,21.58
1790666585,32.2,30.1,5381,21.37
1790666590,38.7,33.3,5397,23.03
1790666595,45.9,35.1,5433,21.98
1790666600,40.9,35.2,5496,22.79
1790666605,34.2,30.3,5516,22.08
1790666610,33.9,31.3,5243,23.28
1790666615,39.1,29.2,5491,22.21
1790666620,38.6,30.2,5447,21.07
1790666625,35.1,33.8,5434,20.27
1790666630,26.8,27.6,5440,19.29
1790666635,28.4,30.1,5433,18.38
1790666640,33.6,30.3,5439,17.55
1790666645,33.0,31.3,5501,17.10
1790666650,27.2,28.0,5556,16.30
1790666655,24.1,28.4,5432,15.23
1790666660,38.1,43.9,5383,16.89
1790666665,30.4,46.0,5370,21.55
1790666670,30.6,40.5,5404,21.10
1790666675,25.4,42.7,5474,21.26
1790666680,25.5,39.5,5350,21.23
1790666685,36.1,47.4,5467,21.54
1790666690,29.4,44.3,5568,23.34
1790666695,27.3,37.5,5504,25.47
1790666700,27.4,41.4,5488,24.23
1790666705,33.9,34.5,5437,22.77
1790666710,35.1,33.5,5438,24.39
1790666715,32.6,32.5,5405,22.92
1790666720,28.8,31.6,5442,21.88
1790666725,36.0,32.0,5385,20.69
1790666730,35.1,32.2,5530,19.84
1790666735,28.0,30.1,5535,18.65
1790666740,32.8,30.9,5418,19.96
1790666745,26.2,27.0,5379,18.68
1790666750,32.2,32.0,5576,17.74
1790666755,23.5,27.0,5575,16.80
1790666760,33.4,30.6,5394,16.02
1790666765,29.3,31.0,5563,17.14
1790666770,28.0,27.3,5494,16.57
1790666775,27.7,29.9,5445,15.80
1790666780,31.8,28.4,5438,15.09
1790666785,26.6,39.0,5371,16.61
1790666790,33.7,46.1,5458,17.20
1790666795,28.4,40.0,5334,17.10
1790666800,31.7,43.7,5489,18.86
1790666805,31.7,42.3,5515,18.23
1790666810,29.9,45.6,5362,18.77
1790666815,38.0,46.1,5422,20.47
1790666820,22.6,34.9,5561,19.63
1790666825,31.1,38.0,5316,19.26
1790666830,28.0,35.0,5399,19.40
1790666835,39.7,32.8,5354,21.13
1790666840,29.4,30.7,5530,22.88
1790666845,32.0,31.8,5450,22.25
1790666850,35.7,35.5,5519,21.83
1790666855,28.8,31.2,5509,20.72
1790666860,29.3,30.8,5365,19.54
1790666865,40.6,34.2,5363,18.46
1790666870,27.7,29.6,5412,17.46
1790666875,33.2,33.3,5469,16.54
1790666880,34.6,32.8,5359,16.18
1790666885,28.1,31.9,5544,15.44
1790666890,32.0,30.8,5396,15.89
1790666895,33.0,29.5,5509,15.34
1790666900,30.5,30.7,5330,14.75
1790666905,32.3,30.8,5502,15.09
1790666910,32.5,37.0,5428,16.60
1790666915,24.7,45.5,5471,17.12
1790666920,31.9,44.2,5365,17.59
1790666925,38.9,48.0,5431,18.18
1790666930,30.8,47.4,5411,17.69
1790666935,28.4,42.3,5426,18.43
1790666940,33.0,47.3,5419,19.04
1790666945,28.8,39.2,5524,17.75
1790666950,28.2,41.3,5536,17.93
1790666955,34.6,37.1,5369,18.02
1790666960,33.2,29.0,5462,17.06
1790666965,24.7,26.4,5486,18.65
1790666970,27.5,28.1,5533,17.80
1790666975,34.7,31.3,5525,16.86
1790666980,26.5,29.8,5539,15.91
1790666985,27.5,27.8,5376,16.95
1790666990,39.6,34.2,5514,18.08
1790666995,31.5,34.1,5443,17.59
1790667000,29.4,31.9,5462,17.70
1790667005,38.6,34.7,5498,17.25
1790667010,30.4,33.3,5517,16.67
1790667015,31.9,34.0,5390,18.54
1790667020,42.4,37.0,5515,17.53
1790667025,30.6,32.9,5495,16.53
1790667030,32.4,32.6,5437,16.01
1790667035,35.7,39.3,5319,15.92
1790667040,27.2,45.9,5463,15.61
1790667045,33.0,43.2,5373,15.64
1790667050,35.8,43.9,5369,15.19
1790667055,28.0,45.8,5403,15.49
1790667060,27.4,38.3,5410,15.37
1790667065,34.6,48.0,5441,15.99
1790667070,20.1,34.5,5366,14.87
1790667075,37.1,39.4,5374,14.32
1790667080,32.9,36.8,5537,14.93
1790667085,27.1,30.0,5416,13.98
1790667090,36.1,32.1,5394,13.34
1790667095,29.7,30.7,5455,12.99
1790667100,30.3,30.2,5252,12.75
1790667105,37.9,32.1,5434,12.93
1790667110,26.8,26.7,5522,12.54
1790667115,33.6,31.6,5359,12.97
1790667120,31.9,31.3,5371,13.62
1790667125,32.6,30.9,5393,12.85
1790667130,31.2,30.5,5481,12.22
1790667135,32.1,32.1,5350,14.12
1790667140,34.1,31.8,5501,13.71
1790667145,33.2,34.3,5397,13.33
1790667150,33.5,32.0,5516,15.31
1790667155,33.2,32.6,5497,17.45
1790667160,29.7,30.0,5405,16.45
1790667165,31.2,45.9,5470,18.50
1790667170,33.5,45.2,5409,18.30
1790667175,29.4,43.9,5439,17.95
1790667180,30.4,44.1,5337,17.88
1790667185,26.9,38.6,5420,17.48
1790667190,32.6,47.7,5378,18.65
1790667195,35.9,44.7,5448,17.87
1790667200,34.1,43.7,5528,17.96
1790667205,35.1,38.7,5462,19.17
1790667210,25.3,25.7,5497,17.95
1790667215,30.6,28.8,5482,17.40
1790667220,29.4,29.0,5513,18.49
1790667225,31.7,29.7,5406,17.49
1790667230,30.5,31.1,5494,16.41
1790667235,33.7,31.3,5478,17.66
1790667240,29.1,29.6,5529,18.24
1790667245,30.3,28.6,5367,17.26
1790667250,27.9,29.4,5418,16.52
1790667255,29.6,29.4,5558,15.84
1790667260,24.8,26.2,5538,14.89
1790667265,25.9,30.6,5507,16.50
1790667270,24.8,28.3,5539,15.58
1790667275,27.6,31.3,5490,14.57
1790667280,26.6,29.2,5538,14.05
1790667285,26.0,35.5,5432,14.84
1790667290,23.4,41.1,5403,16.22
1790667295,23.9,41.6,5510,17.72
1790667300,22.2,41.9,5417,19.75
1790667305,28.4,42.2,5448,20.89
1790667310,26.6,43.1,5443,20.02
1790667315,24.6,40.1,5414,19.85
1790667320,28.8,41.4,5503,20.91
1790667325,31.9,40.9,5458,19.71
1790667330,24.3,33.2,5435,19.58
1790667335,24.1,25.6,5554,18.73
1790667340,28.7,32.6,5455,17.87
1790667345,30.6,29.8,5407,16.76
1790667350,28.0,29.4,5539,16.14
1790667355,25.6,29.0,5366,15.24
1790667360,31.9,32.9,5545,14.82
1790667365,25.8,27.6,5511,14.28
1790667370,23.6,27.2,5349,14.17
1790667375,30.1,30.7,5303,15.60
1790667380,37.2,35.3,5398,15.55
1790667385,26.0,27.8,5545,15.75
1790667390,31.0,28.9,5500,17.61
1790667395,34.2,34.7,5567,16.76
1790667400,27.8,27.7,5372,15.74
1790667405,30.9,29.4,5403,17.20
1790667410,30.3,40.2,5459,16.70
1790667415,31.5,45.6,5459,17.37
1790667420,23.0,40.1,5412,19.58
1790667425,19.3,39.0,5263,22.26
1790667430,18.2,35.1,5541,24.48
1790667435,19.9,42.0,5430,23.96
1790667440,18.0,41.5,5432,22.76
1790667445,22.7,38.4,5535,23.58
1790667450,19.5,37.1,5547,24.42
1790667455,21.0,30.7,5570,24.06
1790667460,18.9,24.1,5561,24.38
1790667465,21.5,27.1,5560,22.83
1790667470,20.6,26.1,5573,21.32
1790667475,19.7,26.7,5542,19.93
1790667480,20.1,25.2,5558,18.82
1790667485,20.7,25.8,5555,17.55
1790667490,21.2,27.3,5543,16.94
1790667495,21.6,29.8,5550,18.23
1790667500,19.8,24.9,5604,18.37
1790667505,21.0,26.5,5554,17.46
1790667510,20.6,26.4,5446,16.54
1790667515,18.2,23.1,5576,15.54
1790667520,22.0,27.4,5541,14.69
1790667525,21.5,27.4,5559,15.20
1790667530,20.3,31.7,5433,14.30
1790667535,20.8,44.0,5446,14.20
1790667540,20.1,41.0,5526,15.30
1790667545,20.2,41.5,5473,14.56
1790667550,18.6,40.6,5434,14.03
1790667555,19.6,39.4,5447,13.55
1790667560,19.0,42.2,5438,13.83
1790667565,21.8,39.6,5565,13.84
1790667570,21.3,38.5,5522,13.77
1790667575,21.8,36.0,5545,15.55
1790667580,21.8,28.1,5565,14.71
1790667585,19.6,25.6,5541,13.85
1790667590,21.9,27.9,5542,15.54
1790667595,21.1,27.5,5522,16.22
1790667600,22.2,27.9,5526,17.97
1790667605,21.5,26.6,5558,16.85
1790667610,22.3,28.5,5551,15.90
1790667615,20.2,27.0,5552,16.71
1790667620,21.2,26.1,5559,15.93
1790667625,19.6,24.7,5544,15.13
1790667630,19.4,24.7,5544,15.52
1790667635,16.4,22.3,5558,17.24
1790667640,20.2,25.0,5573,16.34
1790667645,17.0,22.5,5542,15.51
1790667650,16.5,28.2,5436,14.59
1790667655,19.5,43.2,5455,14.14
1790667660,12.4,33.1,5532,13.49
1790667665,18.3,39.9,5410,14.49
1790667670,19.9,42.6,5427,15.10
1790667675,18.4,38.5,5466,14.69
1790667680,19.0,42.3,5463,14.55
1790667685,19.9,38.2,5531,15.31
1790667690,17.9,35.6,5564,15.12
1790667695,21.0,34.6,5543,14.87
1790667700,21.2,27.1,5568,14.00
1790667705,20.0,25.4,5538,14.24
1790667710,19.2,24.3,5562,13.42
1790667715,19.3,25.4,5469,12.91
1790667720,18.9,24.0,5563,12.19
1790667725,19.4,24.9,5476,11.94
1790667730,18.9,24.3,5548,11.06
1790667735,18.1,24.8,5563,10.50
1790667740,20.1,25.8,5538,10.54
1790667745,21.0,26.4,5565,10.17
1790667750,18.2,24.1,5561,9.76
1790667755,20.9,25.9,5578,9.38
1790667760,20.6,25.6,5564,9.11
1790667765,21.8,27.4,5534,10.30
1790667770,20.5,28.6,5576,9.87
1790667775,19.5,28.1,5443,9.72
1790667780,18.9,27.4,5540,9.35
1790667785,18.0,26.8,5565,9.08
1790667790,16.0,23.6,5560,8.67
1790667795,20.0,29.4,5554,8.22
1790667800,18.5,28.1,5449,7.88
1790667805,18.7,27.0,5502,7.57
1790667810,19.3,27.6,5389,9.36
1790667815,19.2,26.9,5502,9.01
1790667820,19.5,28.7,5570,10.21
1790667825,19.8,28.3,5577,11.48
1790667830,19.4,27.7,5580,11.04
1790667835,18.8,27.7,5519,12.56
1790667840,17.8,27.1,5577,13.47
1790667845,18.0,26.3,5558,12.72
1790667850,16.7,25.2,5569,11.94
